m,ef_construct,parallel_search,ef_search,dataset,dataset_size,qdrant_total_time,milvus_total_time,qdrant_mean_time,milvus_mean_time,qdrant_mean_precisions,milvus_mean_precisions,qdrant_std_time,milvus_std_time,qdrant_min_time,milvus_min_time,qdrant_max_time,milvus_max_time,qdrant_rps,milvus_rps,qdrant_p95_time,milvus_p95_time,qdrant_p99_time,milvus_p99_time
16,128,1,128,h-and-m-2048-angular-filters,0,72.03640180000366,50.03351329999714,0.006341899480027496,0.0040938566299701055,0.999936,0.996524,0.002102180153060645,0.0020919792201448523,0.0015790000034030527,0.001969099997950252,0.017287700000451878,0.05605180000566179,138.81870485096178,199.86603659112964,0.010324704999220554,0.007024809997528791,0.012086920002038823,0.010685241999599394
16,128,1,128,h-and-m-2048-angular-no-filters,0,54.07853110000724,77.5565693000026,0.004428735539976333,0.00642276753995975,0.99941,0.99915,0.0005440075332228522,0.003055641156796546,0.002995800008648075,0.0036848000017926097,0.008895499995560385,0.09081949999381322,184.91626522745293,128.93814270353067,0.005286325002089143,0.013110804998723325,0.005791303005389636,0.014860133995680374
16,128,1,128,random-match-keyword-100-angular-filters,0,21.066150700000435,55.287355299999945,0.002002183799996419,0.005325040299999534,1.0,0.5583590000000002,0.00045970898326646935,0.0012793220648712076,0.0010404000004200498,0.001965300000051684,0.007833300000129384,0.024899699999991753,474.6951705799671,180.87318421613867,0.002623705000132759,0.007600959999950873,0.0029252000003907597,0.009244930999954028
16,128,1,128,random-match-keyword-100-angular-no-filters,0,32.49217479999788,33.313639399999374,0.0031334388299816057,0.0031811966399957784,0.6980400000000001,0.43378999999999995,0.00021662731370298863,0.0006259342691962983,0.0026360999981989153,0.002322499999536376,0.006016100000124425,0.0481552000001102,307.7664102681317,300.17735018168526,0.0034802200008925864,0.00391099999983453,0.0037801200027024633,0.004656313999630584
16,128,1,256,h-and-m-2048-angular-filters,0,76.71683119999943,52.76067380000313,0.006796234849963366,0.004367749500036734,0.999976,0.997552,0.002702580353333605,0.0026058087077752002,0.0015079000004334375,0.001924299998790957,0.020186900001135655,0.05522059999930207,130.34949232887598,189.53510787042688,0.012269905004359313,0.007624560001568169,0.014805038998892997,0.013541677003013388
16,128,1,256,h-and-m-2048-angular-no-filters,0,65.20370969999931,79.762773500006,0.005508787210000446,0.006720836130031967,0.99971,0.99926,0.0008339506076922556,0.003943663307728198,0.0033793000038713217,0.0031856999994488433,0.01059930000337772,0.06079330000648042,153.36550705488628,125.37176882395202,0.006797299996833317,0.01559666000175639,0.007365841003775132,0.019495879998503374
16,128,1,256,random-match-keyword-100-angular-filters,0,21.695907200000875,59.57325739999999,0.0020638021100050537,0.005714649600000485,1.0,0.5583590000000002,0.0005052604216305562,0.002836593132112937,0.0011207000006834278,0.001984600000014325,0.007056700000248384,0.07821769999998196,460.91642574870514,167.86055415529455,0.0027622599997812348,0.009806509999970103,0.0032656289995429714,0.010981982000046174
16,128,1,256,random-match-keyword-100-angular-no-filters,0,40.5305354000011,38.57510600000023,0.003930452820012215,0.0037060749000000213,0.8161800000000001,0.5646800000000001,0.00022684180667183678,0.00072308851790861,0.0034582000007503666,0.002835100000083912,0.006730599998263642,0.0575340999994296,246.72755741587684,259.2345436458409,0.004280229998948925,0.004451720000542991,0.004722970000329955,0.005288222000144745
16,128,1,512,h-and-m-2048-angular-filters,0,83.55668159999914,61.81346900000062,0.007452717829972244,0.005269612350023817,0.999984,0.9981,0.003679679099074914,0.004826748848057971,0.0016889999969862401,0.0019449999963399023,0.10724940000363858,0.06788110000343295,119.67923819511884,161.7770392404267,0.015059575000850598,0.0125283200013655,0.018347435000541736,0.025754714003560376
16,128,1,512,h-and-m-2048-angular-no-filters,0,84.28134260000661,100.47355859999516,0.007379594329898828,0.008573151790044357,0.99976,0.99945,0.0013867520122718654,0.004583711884674021,0.0041766999929677695,0.003093100000114646,0.018631099999765866,0.049271700001554564,118.65022188195678,99.52867340761713,0.009514914997271261,0.017164500000944827,0.010987545990792569,0.019861115999956387
16,128,1,512,random-match-keyword-100-angular-filters,0,21.19250439999996,92.94761570000003,0.0020149955200162366,0.008909472429999699,1.0,0.5583590000000002,0.0004568015990976804,0.0025170805899086806,0.0011413000011089025,0.00418149999995876,0.006641799998760689,0.09016929999995682,471.8649486277808,107.58748274163634,0.0026415149993226804,0.010273210000030985,0.0029362020004737133,0.014412305000037125
16,128,1,512,random-match-keyword-100-angular-no-filters,0,55.6362326999988,46.16290819999995,0.0054323068200163105,0.00446885266000263,0.89881,0.6960599999999999,0.0003185574552266308,0.0005633233074175905,0.004759699997521238,0.0036823000000367756,0.010093400000187103,0.010579799999504758,179.73898509487353,216.62413374554274,0.005882304999977351,0.005460424999728274,0.006747371000965363,0.006181727000521278
16,128,1,64,h-and-m-2048-angular-filters,0,68.84268680000241,,0.0060263142699899614,,0.9998239999999999,,0.0016457919955209653,,0.001539900003990624,,0.020709599994006567,,145.25871177938467,,0.008713914994950753,,0.009780025000291062,
16,128,1,64,h-and-m-2048-angular-no-filters,0,46.0474930999917,,0.003673076379885606,,0.99854,,0.00040727614664195594,,0.00267730001360178,,0.01597169999149628,,217.16708829914137,,0.004273724990343907,,0.004675415006786352,
16,128,1,64,random-match-keyword-100-angular-filters,0,21.120569500000784,,0.0020083680299991104,,1.0,,0.00046592446119098237,,0.0011438000001362525,,0.012545399998998619,,473.47208132809243,,0.002630035000856878,,0.002915107999888278,
16,128,1,64,random-match-keyword-100-angular-no-filters,0,26.823199599999498,,0.0025725850800128684,,0.5633799999999999,,0.00028404260603098985,,0.002057400000921916,,0.01839279999694554,,372.81160149142636,,0.002952345001176581,,0.0032884439992994893,
16,128,100,128,h-and-m-2048-angular-filters,0,33.21208160000242,20.515659999997297,0.016150913659994694,0.007452637409983436,0.999936,0.9959680000000001,0.0052462008514673015,0.004221850686557238,0.0031253999986802228,0.002625899993290659,0.04359060000570025,0.06571200000325916,301.095249627451,487.43252715249315,0.025407125001584062,0.013890210000681672,0.030132984999436306,0.0227387759996782
16,128,100,128,h-and-m-2048-angular-no-filters,0,26.737227600009646,19.42363689999911,0.00982390651992173,0.0052692714899894785,0.99941,0.9981899999999999,0.004506624399472882,0.0008571095373781423,0.004291200006264262,0.003222999999707099,0.0669641000131378,0.03946169999835547,374.0103555088259,514.8366421532755,0.019171909998840417,0.006585709993669297,0.02278258799997276,0.0075442460015619885
16,128,100,128,random-match-keyword-100-angular-filters,0,6.327012100000502,21.520773400000053,0.0047426740599956245,0.013443463159999681,1.0,0.5583590000000002,0.0014301742070569091,0.008029366577041864,0.001996700000745477,0.004313000000024658,0.035100200000670156,0.12501109999993787,1580.5248736602236,464.6673153484333,0.0069428149989107625,0.023907834999920392,0.007914913001186505,0.052895312999989993
16,128,100,128,random-match-keyword-100-angular-no-filters,0,13.326424800001405,9.702307499999733,0.01023203258999456,0.00738182367999434,0.6980400000000001,0.5111899999999999,0.0020910569190632517,0.002515250056035469,0.0055371999987983145,0.00399939999988419,0.057200699997338234,0.06183540000074572,750.3888064560981,1030.6826494625402,0.012771315000100003,0.00999050499972327,0.016207015998297727,0.012426871999959987
16,128,100,256,h-and-m-2048-angular-filters,0,36.05262760000187,23.309441800003697,0.019685585849975904,0.008662740099994699,0.999976,0.9973920000000001,0.007754481867822115,0.0052670561101087745,0.0031205999985104427,0.002927499997895211,0.059106600005179644,0.07281449999572942,277.3722933858913,429.0107024355433,0.034249774997806515,0.016155940002136045,0.04209921099922213,0.02894567999333959
16,128,100,256,h-and-m-2048-angular-no-filters,0,36.67530679999618,21.551324000000022,0.024495119080076982,0.00676977790003366,0.99971,0.9991399999999999,0.006114385556106831,0.0012771805404524293,0.005719599997974001,0.00369920000230195,0.06207120000908617,0.02399639999930514,272.66302241269983,464.0086149695485,0.03240551000853884,0.008869730001242712,0.03650034398975549,0.010750197999732345
16,128,100,256,random-match-keyword-100-angular-filters,0,6.3715064999996684,15.803381499999887,0.0047748456800056375,0.01220172616999921,1.0,0.558359,0.0013605692638938988,0.005083792860054736,0.0022802000003139256,0.004524700000047233,0.034645900001123664,0.07885899999996582,1569.4875301469942,632.7759663335389,0.006949905000146828,0.020912899999984802,0.007803521000587353,0.02867340500003593
16,128,100,256,random-match-keyword-100-angular-no-filters,0,21.47259469999699,12.737363600000208,0.016731567229995564,0.009792402480000965,0.8161800000000001,0.60283,0.0017074636212753207,0.0021756593916001264,0.007593800000904594,0.004839700000047742,0.06113770000229124,0.028492800000094576,465.7099032377956,785.0918222982845,0.01898186500129668,0.013638605000369352,0.022006333999997883,0.016489486999935268
16,128,100,512,h-and-m-2048-angular-filters,0,39.21955109999544,27.362065900000744,0.023253631140030484,0.01097059434002731,0.999984,0.9981040000000001,0.010595353563091766,0.009041287653721057,0.003102700000454206,0.0027310000004945323,0.08085390000633197,0.11453799999435432,254.974871448775,365.46948013891483,0.04306311500295123,0.02479121499745814,0.0529375839988643,0.049787277998766595
16,128,100,512,h-and-m-2048-angular-no-filters,0,54.89764789999754,24.656900699999824,0.04286864794989524,0.009824117000032129,0.99976,0.9993700000000001,0.005021539885110124,0.002079249280368309,0.012851299994508736,0.005168899995624088,0.07550289999926463,0.03890530000353465,182.1571667007695,405.56597610015405,0.0506273900027736,0.013627920002909369,0.055209313998202565,0.016128425002898447
16,128,100,512,random-match-keyword-100-angular-filters,0,6.242438299999776,15.99184020000007,0.004676340740009982,0.012341943060001017,1.0,0.558359,0.0015131710668457481,0.005122425498155353,0.002184599999964121,0.004489899999953195,0.04379979999976058,0.10009730000001582,1601.9381401014982,625.3189048249717,0.006809305000842869,0.021010424999951736,0.007568337999546202,0.02823379699994121
16,128,100,512,random-match-keyword-100-angular-no-filters,0,35.45023730000321,17.751700899999378,0.027924249619976034,0.013786031330000878,0.89881,0.6959599999999999,0.0018972867256300842,0.0031829150004504337,0.007368099999439437,0.007021800000075018,0.07314320000295993,0.0618094999999812,282.08555884614896,563.3263007490369,0.03022151499753818,0.01951090999978077,0.03521624899945892,0.023368127999974606
16,128,100,64,h-and-m-2048-angular-filters,0,31.49958350000088,,0.0146273774800291,,0.9998239999999999,,0.004020679497084435,,0.003013900000951253,,0.03745150000031572,,317.4645150466742,,0.02100412000254437,,0.0239505439990171,
16,128,100,64,h-and-m-2048-angular-no-filters,0,23.211797999989358,,0.005746624400053406,,0.99854,,0.0012884314294018962,,0.0034574999881442636,,0.05648879999353085,,430.8153982730931,,0.006877080006961476,,0.008815876999869944,
16,128,100,64,random-match-keyword-100-angular-filters,0,6.370443100000557,,0.00477414582998772,,1.0,,0.0016343450035626397,,0.0021104000006744172,,0.04636159999972733,,1569.74952024909,,0.0069918250007503955,,0.008066210000033608,
16,128,100,64,random-match-keyword-100-angular-no-filters,0,9.356499199999234,,0.007088772789977156,,0.56338,,0.0018387560948755304,,0.003951700000470737,,0.0527111999981571,,1068.7758087983184,,0.009215420000509764,,0.012043131003010797,
32,128,1,128,h-and-m-2048-angular-filters,0,76.12352570000076,51.8735663999978,0.006692440620069829,0.004262953069990181,0.9999400000000002,0.997236,0.0021451677386495577,0.002136717113341051,0.001621399998839479,0.001994799997191876,0.018628700003318954,0.05150080000021262,131.36543411572305,192.7764118412422,0.010687185002097975,0.007336930001838482,0.012635110999181054,0.011151980998401997
32,128,1,128,h-and-m-2048-angular-no-filters,0,55.92391280000447,68.2903759999972,0.004608841579954606,0.005710374519985635,0.9994,0.9991400000000001,0.0006375417074455462,0.001581355294061339,0.0030284999957075343,0.003655200001958292,0.015742499992484227,0.10203039999760222,178.81438367451284,146.4335179528139,0.005583209992619231,0.00798710499584558,0.006084102008462651,0.009736619997274829
32,128,1,128,random-match-keyword-100-angular-filters,0,20.717654300000504,33.100579299999936,0.0019708210699938716,0.003146083779999549,1.0,0.5789886666666667,0.0006912815610512525,0.0008705012745601891,0.001036999999996624,0.001727500000015425,0.054758999998739455,0.05180550000000039,482.680126581693,302.10951625248504,0.0025573050003004027,0.004140219999942473,0.0029408269991290587,0.006185825000127359
32,128,1,128,random-match-keyword-100-angular-no-filters,0,40.70250289999967,48.455269099999896,0.003945924230008677,0.004675073019999581,0.8661400000000001,0.7640100000000001,0.0002613184884677109,0.0004585458735592896,0.0034539000007498544,0.004038899999613932,0.011040999997931067,0.010849500000404078,245.68513696979753,206.37590474139006,0.004332354999132803,0.005447830000184694,0.004837413999812271,0.0066542520004077245
32,128,1,256,h-and-m-2048-angular-filters,0,80.69918679999682,58.63247410000622,0.007132485630036535,0.004869681469928764,0.9999720000000001,0.9983360000000001,0.002725623554344839,0.0029524195724448124,0.0017396000039298087,0.0021133999980520457,0.01953549999598181,0.08482709999952931,123.9169859887658,170.55394904440743,0.012551344999155839,0.008638894998148315,0.015240359995659675,0.015302553999790702
32,128,1,256,h-and-m-2048-angular-no-filters,0,66.86919359999592,109.44854679999844,0.005713404389987409,0.009381282999949326,0.9996200000000001,0.9995,0.0009674560491079,0.005700718422782761,0.0032728999940445647,0.002584200003184378,0.01154030000907369,0.06475729999510804,149.54569453639425,91.36713362008881,0.007155514989426592,0.01961702500375395,0.007990812989883125,0.023091830001503697
32,128,1,256,random-match-keyword-100-angular-filters,0,20.91191230000004,38.23425949999978,0.0019890813199977854,0.0036589791699983836,1.0,0.5789886666666667,0.0004255579096787411,0.0013188024217983196,0.0011174000010214513,0.00191650000010668,0.006199300001753727,0.06095529999993232,478.19634362181125,261.545538759553,0.002543619999596558,0.00525821000006772,0.0027846129993668004,0.006491525000037655
32,128,1,256,random-match-keyword-100-angular-no-filters,0,55.0834752999981,127.50179230000049,0.005373457009991398,0.012349957700002596,0.9435600000000001,0.87503,0.00031844039211914815,0.0019899061297374817,0.004694700000982266,0.005335699999704957,0.009067800001503201,0.03624260000015056,181.5426485990136,78.4302700347214,0.005855605000215291,0.015478239999947617,0.006699818000233791,0.01779981999944541
32,128,1,512,h-and-m-2048-angular-filters,0,88.08527930000128,68.19125929999427,0.007846557289975317,0.005837498020033673,0.999976,0.998828,0.0036205164878489247,0.0053898510999232764,0.0016669999968144111,0.00199869999778457,0.024684199997864198,0.06618969999544788,113.5263471884099,146.64636058423457,0.015555870002572188,0.01375605000030191,0.018959576003107947,0.03003608200371673
32,128,1,512,h-and-m-2048-angular-no-filters,0,88.05755019999924,61.04840189999959,0.007734249440026178,0.005166248209997866,0.9997099999999999,0.9995799999999999,0.0014300892858643058,0.00093555534871075,0.004328199996962212,0.003010699998412747,0.01772440000786446,0.014274199995270465,113.56209634821394,163.80445169360064,0.009867275002034147,0.006671514999106875,0.010856202009454136,0.007672924999278621
32,128,1,512,random-match-keyword-100-angular-filters,0,20.94466840000132,49.90728839999997,0.0019915805299975547,0.004775569279999285,1.0,0.5789886666666667,0.0004396010337948282,0.002467368255607761,0.0011248999999224907,0.0018984000000727974,0.007340399999520741,0.05509329999995316,477.44847562252977,200.371535312666,0.0025797699998292944,0.008484530000112045,0.002821807998880104,0.009196235999907003
32,128,1,512,random-match-keyword-100-angular-no-filters,0,78.16169710000031,173.61882690000039,0.0076752613400174596,0.016966029510002954,0.9804299999999999,0.9466700000000001,0.0004152604740190068,0.0020910983493193833,0.006872099998872727,0.010152900000321097,0.012883199997304473,0.04859959999976127,127.93990369996662,57.59744020019051,0.008223599998018472,0.02104601499995623,0.00962480300015159,0.025266787999671584
32,128,1,64,h-and-m-2048-angular-filters,0,72.07765469999867,,0.006315041629951156,,0.999864,,0.0017779213651080838,,0.0016185999993467703,,0.015611999995599035,,138.73925340137606,,0.009277389999624573,,0.010664701999339742,
32,128,1,64,h-and-m-2048-angular-no-filters,0,47.59443480000482,,0.003810962540123728,,0.9986200000000001,,0.0004303729273447145,,0.0026951999898301437,,0.010853899992071092,,210.10859866328295,,0.004491240001516416,,0.004863912001455901,
32,128,1,64,random-match-keyword-100-angular-filters,0,20.887626300000193,,0.0019860756500007484,,1.0,,0.0004381851257765579,,0.001116800000090734,,0.010079100000439212,,478.7523415238383,,0.0025583050006389384,,0.0027881389987487646,
32,128,1,64,random-match-keyword-100-angular-no-filters,0,32.02981440000076,,0.003081621580015417,,0.7481200000000001,,0.00023310075978514257,,0.002621499999804655,,0.014963400000851834,,312.2091147677635,,0.0034206099982839076,,0.0037197229983576114,
32,128,100,128,h-and-m-2048-angular-filters,0,33.14834559999872,24.406593499996234,0.016568192890028876,0.008236921470009838,0.9999400000000002,0.996792,0.005506165935974884,0.0040452358535020315,0.003095300002314616,0.003068999998504296,0.04299610000452958,0.057035500001802575,301.6741806867244,409.7253473739194,0.026448559998971173,0.01443092499539489,0.031775008000840904,0.021791292998459548
32,128,100,128,h-and-m-2048-angular-no-filters,0,29.65445550000004,19.780166899996402,0.009491350810055156,0.005421876769971277,0.9994,0.9988299999999999,0.0032350175556985538,0.0009408357029916972,0.004823499999474734,0.0030073000016273,0.06722630000149366,0.04591169999912381,337.21745455754484,505.55690710586566,0.01569093500511371,0.006754965001164236,0.02025713899434778,0.007929530003239052
32,128,100,128,random-match-keyword-100-angular-filters,0,6.291023400000995,14.472362100000055,0.004696683869998196,0.011153963389999286,1.0,0.5789886666666667,0.0016949426829858782,0.0044634594353855465,0.0020958999994036276,0.0036680999999134656,0.04959000000053493,0.07293349999986276,1589.5664924721816,690.9722083307992,0.006871824999416274,0.018426915000031834,0.007796571998533188,0.02452956799989352
32,128,100,128,random-match-keyword-100-angular-no-filters,0,20.959701900002983,25.574113399999987,0.016294569030005368,0.02000733275999355,0.8661400000000001,0.8136200000000001,0.0016540297030494572,0.0059542164753643555,0.007535900000220863,0.008077500000581495,0.04856130000189296,0.08275080000021262,477.1060221996085,391.02039799354316,0.01860804000207281,0.03105532999998104,0.021711053001199618,0.03874634400015568
32,128,100,256,h-and-m-2048-angular-filters,0,36.04235260000132,25.805060999999114,0.019362062790003257,0.009062743390011747,0.9999720000000001,0.9981640000000002,0.00773736909496976,0.0052265788335535066,0.0031145000029937364,0.0027226000020164065,0.07636250000359723,0.07246409999788739,277.4513670342272,387.5208820471435,0.03391191500304557,0.01623333500283479,0.041284428998988015,0.0294096739979432
32,128,100,256,h-and-m-2048-angular-no-filters,0,39.760404299988295,21.544592700003705,0.028636903410094963,0.006885773479960335,0.9996200000000001,0.9993,0.005593717253034492,0.0012183461865011142,0.006482199998572469,0.0038267999989329837,0.07252000000153203,0.047510100004728884,251.50649687943297,464.15358782801593,0.036057429994252745,0.008899139999630275,0.039695839001651634,0.010215434005076532
32,128,100,256,random-match-keyword-100-angular-filters,0,6.279576499999166,14.386548400000038,0.004693249729995477,0.011091390439998872,1.0,0.5789886666666666,0.0014466493766337432,0.004139158413202243,0.002170400000977679,0.003974400000060996,0.03551289999995788,0.06876169999986814,1592.4640777927186,695.0937585557334,0.006953974999942144,0.018297899999890888,0.008005163000434551,0.024023012999912247
32,128,100,256,random-match-keyword-100-angular-no-filters,0,34.183423599999514,36.59203350000007,0.026899591910018717,0.028823787210003594,0.9435600000000001,0.8932,0.0018930375140440918,0.008497095940549182,0.009517299997241935,0.012382599999909871,0.06579199999760021,0.10110450000047422,292.53945178270976,273.283527683696,0.029302869998355158,0.04447343999963777,0.03443560700230591,0.056959845000192216
32,128,100,512,h-and-m-2048-angular-filters,0,39.79953479999676,27.80854179999733,0.02342939181998445,0.011338848060009331,0.999976,0.9987280000000001,0.01060288239456669,0.009488954553186253,0.0028660000025411136,0.0029211000000941567,0.1311887999981991,0.10838099999818951,251.25921823590795,359.6017393476187,0.04340923999698133,0.02611395999665546,0.05326172200242583,0.051565153995107
32,128,100,512,h-and-m-2048-angular-no-filters,0,59.483922500003246,24.725372299995797,0.04653584425999434,0.010391756769999483,0.9997099999999999,0.9995799999999999,0.006185439399947872,0.002236047681934474,0.022292699999525212,0.005063500000687782,0.0921712999988813,0.04811849999532569,168.11265262473998,404.4428483692316,0.05675300999209866,0.014325325003665053,0.06363783900305862,0.016703595002691154
32,128,100,512,random-match-keyword-100-angular-filters,0,6.31567510000059,14.972388200000069,0.004721862849995341,0.011544675139999617,1.0,0.5789886666666667,0.0013775066116870956,0.00560348919219834,0.0020368999994389014,0.004236900000023525,0.03419450000001234,0.08493810000004487,1583.3620066996584,667.8961209408099,0.006880644999910145,0.019764320000035685,0.007737211001422111,0.02925025799990181
32,128,100,512,random-match-keyword-100-angular-no-filters,0,56.54748749999999,53.135878899999625,0.044783030689990844,0.042026905889999855,0.9804299999999999,0.9466700000000001,0.002379958497560076,0.011870450759157753,0.024581000001489883,0.01794179999978951,0.08563389999835636,0.11575919999995676,176.84251665469668,188.19675531893895,0.04806706500021391,0.06391223000014176,0.0553800980021697,0.08116411200052431
32,128,100,64,h-and-m-2048-angular-filters,0,31.85056970000005,,0.015036711510055466,,0.999864,,0.004261454272275906,,0.002602400003524963,,0.04245280000031926,,313.9661266404282,,0.021683210000628606,,0.02517372700407578,
32,128,100,64,h-and-m-2048-angular-no-filters,0,23.90338509999856,,0.006050076999957674,,0.9986200000000001,,0.0012477715936220822,,0.0037283999990904704,,0.045261700011906214,,418.3507883157772,,0.007406459993217139,,0.009086048991011923,
32,128,100,64,random-match-keyword-100-angular-filters,0,6.307191900001271,,0.004712333589984519,,1.0,,0.0016090643667464484,,0.0020879000003333203,,0.04702250000082131,,1585.4916353501126,,0.00685611500075538,,0.007716024001110784,
32,128,100,64,random-match-keyword-100-angular-no-filters,0,13.31154349999997,,0.010202418609990854,,0.74812,,0.0022254894159407248,,0.005183399996894877,,0.0698329000006197,,751.2276844529729,,0.012873835001300902,,0.016149562001410236,
32,256,1,128,h-and-m-2048-angular-filters,0,77.07408700000087,63.44901530000061,0.006781621389970678,0.0052254907700058535,0.9999680000000001,0.9982040000000001,0.002266858918484685,0.002574344242619735,0.0017679000011412427,0.0022393999970518053,0.01691910000226926,0.06594279999990249,129.74529299321946,157.6068588727161,0.011090134993719402,0.009002055003657,0.013251628001235078,0.013199485000586752
32,256,1,128,h-and-m-2048-angular-no-filters,0,58.52972219999356,105.23154359999899,0.004846764009963954,0.00886006838998219,0.9997300000000001,0.9994800000000001,0.0006761152033746907,0.004464597637475915,0.0031416999991051853,0.0037273999987519346,0.00997119999374263,0.0554788000008557,170.85336516429084,95.02854047272662,0.005901149997225729,0.01662389500161225,0.006387329003482592,0.01932372199778911
32,256,1,128,random-match-keyword-100-angular-filters,0,20.77970060000007,30.249623100000008,0.0019762696100078755,0.0028865704300042126,1.0,0.6940029999999999,0.0004313889855129674,0.0010364990503637672,0.0010865999993256992,0.0017600000001039007,0.007857000000512926,0.05547640000031606,481.2388875323818,330.58263129235473,0.0025482200000624287,0.003331299999899784,0.0028375070001675344,0.003720425000019532
32,256,1,128,random-match-keyword-100-angular-no-filters,0,41.55164470000091,54.650866199999655,0.004030140590027804,0.00527895604000123,0.89802,0.8062699999999999,0.0002569995301693495,0.00177547295686749,0.0035286999991512857,0.004160999999839987,0.008684000000357628,0.05591409999942698,240.66436051326224,182.97971643128437,0.004416009999840753,0.00880432000062683,0.004984114999970189,0.012449826000001857
32,256,1,256,h-and-m-2048-angular-filters,0,82.0866817999995,63.11325409999699,0.007258946319983079,0.005258867280017148,0.99998,0.998876,0.0028969123492437483,0.0030668689730052137,0.0017206999982590787,0.00216569999611238,0.022057700000004843,0.04961069999990286,121.8224416034327,158.44532408606193,0.01324340499631944,0.00987650000024587,0.016137609002544198,0.016765697000300877
32,256,1,256,h-and-m-2048-angular-no-filters,0,71.7735304000089,85.63819169999624,0.006136374019992946,0.007313364699931117,0.99976,0.99961,0.0010538721162491834,0.004494589138627375,0.0034639000077731907,0.003296599999885075,0.01359819999197498,0.05549099999916507,139.32712999162655,116.77033110450928,0.0077260099962586535,0.017890045002786764,0.008505706996074877,0.02304071900005512
32,256,1,256,random-match-keyword-100-angular-filters,0,21.135526500000196,34.47934290000012,0.002006181529994865,0.003293982929999265,1.0,0.6940029999999999,0.00042933231761398664,0.0011350622843632262,0.0011656000006041722,0.0018801000001076318,0.006561199999850942,0.05194270000038159,473.13701884833137,290.0287290567816,0.002568424999299168,0.004884619999961614,0.002842301998534822,0.006103877000041397
32,256,1,256,random-match-keyword-100-angular-no-filters,0,56.29664260000209,135.87250799999947,0.0054959479799912515,0.013192304880002849,0.96242,0.9026700000000001,0.0003106577309229501,0.0016273395118250064,0.004913199998554774,0.008249500000601984,0.00898600000073202,0.04283700000087265,177.63048626277455,73.59840594095782,0.005971900001895847,0.016231739999511774,0.006780596997632537,0.018923418999056595
32,256,1,512,h-and-m-2048-angular-filters,0,85.41115529999661,71.17653799999971,0.007619232309999643,0.006084235969985457,0.99998,0.9994120000000001,0.0037088038222084273,0.005420225157757841,0.0016866999940248206,0.0019672999987960793,0.023575299994263332,0.06561130000045523,117.08072516846516,140.49573470404027,0.015652565003983904,0.014472459995522506,0.019225933003181126,0.031142715999158157
32,256,1,512,h-and-m-2048-angular-no-filters,0,92.20673829999578,140.0716886999944,0.008151645639922935,0.012147957260011754,0.99977,0.9997299999999999,0.001580870489231553,0.0059314033823506095,0.0043043999903602526,0.00401399999827845,0.015426800004206598,0.07936200000403915,108.45194379899736,71.39201428075879,0.010593730003893142,0.02154485499486327,0.01165294199352502,0.024507864993502153
32,256,1,512,random-match-keyword-100-angular-filters,0,21.17168010000023,31.601368000000093,0.002014510179994977,0.003015941080000539,1.0,0.6940029999999999,0.0004483660172171592,0.0006678822363992323,0.0010344000002078246,0.001927600000271923,0.007012199999735458,0.05442170000014812,472.3290713239093,316.4419970679741,0.002599240000927238,0.003599025000107758,0.0028504180001800708,0.0040583059999971735
32,256,1,512,random-match-keyword-100-angular-no-filters,0,81.88364939999883,171.53775169999972,0.008042881760005912,0.016792158240000025,0.9888299999999999,0.9617300000000001,0.000484603361160101,0.0019237905947831688,0.007317200001125457,0.010148499999559135,0.013410399998974754,0.03505150000091817,122.12450316119084,58.296205359441096,0.008875730000363544,0.020775849999699857,0.010137633998419916,0.02433239200086974
32,256,1,64,h-and-m-2048-angular-filters,0,72.94783270000335,,0.006377534300007392,,0.999884,,0.0018138171204614558,,0.0014914999992470257,,0.015254000005370472,,137.0842646021414,,0.009497049998390137,,0.010941732998544467,
32,256,1,64,h-and-m-2048-angular-no-filters,0,49.298506100007216,,0.003974399429986079,,0.99929,,0.00046611086346855555,,0.002720700009376742,,0.011195800005225465,,202.845903275729,,0.00468770999868866,,0.0050757139989582355,
32,256,1,64,random-match-keyword-100-angular-filters,0,20.557232099999965,,0.0019552992299919423,,1.0,,0.0004267639429207424,,0.0011196999985259026,,0.009984399999666493,,486.4468110957417,,0.002507210000658233,,0.002747309000897076,
32,256,1,64,random-match-keyword-100-angular-no-filters,0,33.12226620000001,,0.003194913230029488,,0.78465,,0.00023345702280558407,,0.0026728000011644326,,0.014186399999744026,,301.91170916922334,,0.003544314997998299,,0.0038418240003738908,
32,256,100,128,h-and-m-2048-angular-filters,0,34.56404509999993,26.900159199998598,0.01730910605996978,0.008609294849971775,0.9999680000000001,0.998092,0.005996293191121482,0.004271232285987444,0.003037800001038704,0.0027645999944070354,0.04787719999876572,0.06812299999728566,289.31798842028536,371.745011828797,0.028600159998313755,0.014693389999592908,0.03384110299753956,0.025032109004241652
32,256,100,128,h-and-m-2048-angular-no-filters,0,31.279131100003724,20.485482299998694,0.011848837050015572,0.005860943679982302,0.9997300000000001,0.99945,0.004992929304511052,0.000909162046784358,0.00492120000126306,0.0033624999996391125,0.05684290001227055,0.015375099996163044,319.70197535310723,488.1505767623854,0.022223804998793638,0.007345535001877578,0.025183098005218202,0.008478106004040456
32,256,100,128,random-match-keyword-100-angular-filters,0,6.487483300001259,15.725608699999611,0.004862280610006201,0.012041108889998531,1.0,0.6940029999999999,0.0016167460267570068,0.007326091465478942,0.002053899999737041,0.004059400000187452,0.05018740000014077,0.1542260000001079,1541.4297868016183,635.9054323919587,0.007148160001270298,0.02101798999976836,0.008264706999925693,0.04549779299992225
32,256,100,128,random-match-keyword-100-angular-no-filters,0,21.879820900001505,25.410534599999664,0.017026536029982525,0.019861905429975377,0.89802,0.8535,0.001815439425750385,0.005881024119009598,0.00799610000103712,0.008402199999181903,0.05712940000012168,0.06461859999944863,457.0421323695256,393.53756846973744,0.019406929999058773,0.030571915000291477,0.02241077500155371,0.03873686599952635
32,256,100,256,h-and-m-2048-angular-filters,0,38.89805139999953,25.912045899996883,0.021703335599972343,0.009100726110047981,0.99998,0.9988959999999999,0.009734484185239554,0.005220354930811867,0.0032385000013164245,0.002808600002026651,0.0908116999999038,0.07394379999459488,257.0822866463722,385.9208971222609,0.04000838499741803,0.01658966500253882,0.0522657159946539,0.029075470002862917
32,256,100,256,h-and-m-2048-angular-no-filters,0,43.44089990000066,22.33126430000266,0.03296337433996232,0.007725734339980408,0.99976,0.99964,0.004617441963462392,0.0014001076902901235,0.009528500013402663,0.004094800002349075,0.07024339999770746,0.020211299997754395,230.19780950716097,447.802679940464,0.03984660500427708,0.010162855004818993,0.044552172005060134,0.01188861999748042
32,256,100,256,random-match-keyword-100-angular-filters,0,6.3098434999992605,14.638437499999782,0.004725168659998963,0.011269458770001984,1.0,0.6940029999999999,0.001327346859968163,0.0049010790009334304,0.0021890000007260824,0.003836200000023382,0.03216450000036275,0.07626930000014909,1584.8253605657846,683.1330188075161,0.006889464999676419,0.019145074999914864,0.007788219998692512,0.026904380999844765
32,256,100,256,random-match-keyword-100-angular-no-filters,0,35.90348509999967,35.82748419999916,0.028259120369979428,0.028096232550005335,0.96242,0.9192600000000002,0.0018325533307554064,0.008260004534232252,0.012126700003136648,0.010926699998890399,0.08286410000073374,0.08208009999907517,278.5244934342068,279.1153278912125,0.030562839997946865,0.04356839499914708,0.03557373100269615,0.05503403600025196
32,256,100,512,h-and-m-2048-angular-filters,0,40.21664900000178,29.924365499995474,0.0244049495999825,0.012249659650039393,0.99998,0.9994200000000001,0.011653557405050053,0.010498506809185149,0.0030922000005375594,0.002728499996010214,0.08787379999557743,0.12068709999584826,248.65323811537746,334.1758407543015,0.04660411000222665,0.029192719999264198,0.05795828899907065,0.060302428997674754
32,256,100,512,h-and-m-2048-angular-no-filters,0,64.02382729999954,26.080808099999558,0.050253692579973724,0.011969961439996405,0.99977,0.9997299999999999,0.006105049174356051,0.002724359003828949,0.01149200000509154,0.005499799997778609,0.09439220000058413,0.028848199995991308,156.1918495303712,383.42370227401693,0.05986343999102246,0.016852465003830728,0.06531020899245049,0.019577080998351454
32,256,100,512,random-match-keyword-100-angular-filters,0,6.217399499999374,14.581401499999629,0.004654620569999133,0.011228250970000955,1.0,0.6940029999999999,0.001305822569243119,0.004774992880947782,0.00218479999966803,0.004082700000253681,0.03473619999931543,0.06811800000014046,1608.3894882419904,685.8051333405951,0.006777060000422352,0.018991124999638485,0.007644926998927986,0.02662410100007038
32,256,100,512,random-match-keyword-100-angular-no-filters,0,60.004322100001446,53.57743990000017,0.04753773906999522,0.04239760207000236,0.9888299999999999,0.9617300000000001,0.0025015984265246236,0.012271914767355932,0.029044200000498677,0.018698900001254515,0.09102409999832162,0.14018200000100478,166.65466169810722,186.64572287635505,0.051398909999261375,0.06572890500119684,0.05876615600114747,0.08043197299866735
32,256,100,64,h-and-m-2048-angular-filters,0,33.55642100000114,,0.01618906698997307,,0.999884,,0.0054391433702868286,,0.0028770999997504987,,0.05733029999828432,,298.0055590552896,,0.025443900003665473,,0.03284683399841015,
32,256,100,64,h-and-m-2048-angular-no-filters,0,25.46107839999604,,0.0066391506899002705,,0.99929,,0.0015190805880323575,,0.004011800003354438,,0.05195439999806695,,392.75634138110803,,0.008219185010239015,,0.01109122299167212,
32,256,100,64,random-match-keyword-100-angular-filters,0,6.1648619000006875,,0.004617076679995807,,1.0,,0.0014201332660771931,,0.0021921999996266095,,0.03988329999992857,,1622.0963522311642,,0.006834714999695279,,0.007873087000461966,
32,256,100,64,random-match-keyword-100-angular-no-filters,0,13.816484599999967,,0.010543422599983388,,0.7846500000000001,,0.0019910914932890662,,0.005530400001589442,,0.04964050000126008,,723.7731079583025,,0.013062834999072945,,0.016223142999515404,
32,512,1,128,h-and-m-2048-angular-filters,0,79.90838339999755,59.52538379999896,0.007036601960005646,0.004886351719989761,0.999976,0.9986360000000001,0.0025370697659465834,0.0023737715316037755,0.0016845999998622574,0.0021752000029664487,0.0701374999989639,0.04370430000562919,125.14331506298883,167.99555688039385,0.011863225000342934,0.008418134997918967,0.014259909002794302,0.013270824000355792
32,512,1,128,h-and-m-2048-angular-no-filters,0,60.01428730000043,101.3289048000006,0.005017645769970841,0.008563601109974115,0.99979,0.99961,0.0007149854078655759,0.004259788497365409,0.003122599999187514,0.0038621999992756173,0.009308000007877126,0.02973280000151135,166.62698917029257,98.68852347449769,0.006134374997054689,0.01675212500158522,0.0067077119984605815,0.018974397993733877
32,512,1,128,random-match-keyword-100-angular-filters,0,20.47512640000059,34.39953389999937,0.0019465170599933118,0.003286703519997536,1.0,0.7002160000000001,0.00041611507368987294,0.0008832976542822166,0.0011249999988649506,0.001942899999448855,0.00651560000005702,0.05375519999961398,488.3974733362189,290.70161325645705,0.0025088150002375185,0.004678160000094066,0.002736326999020094,0.0058071300003121
32,512,1,128,random-match-keyword-100-angular-no-filters,0,41.13226340000256,39.35164729999997,0.0039891775200139815,0.0037834977299977253,0.9074000000000002,0.8281500000000002,0.00024119098110932563,0.0004464345829667441,0.00352769999881275,0.002949899999293848,0.00755580000259215,0.008300399998915964,243.11815527271418,254.11896797519853,0.0043219350000072146,0.004480325000076845,0.0049866360008309135,0.005085808001313126
32,512,1,256,h-and-m-2048-angular-filters,0,83.22018770000432,61.7187283999956,0.007381082379963481,0.005120984129940189,0.999976,0.999344,0.0036202718475207563,0.003008899561214446,0.0016678999963914976,0.0021688000051653944,0.19591750000108732,0.053636399999959394,120.163151230185,162.02537316048645,0.013909384999715248,0.009660395004539166,0.016956915998307526,0.016839137001661612
32,512,1,256,h-and-m-2048-angular-no-filters,0,74.63551429999643,147.00670399999944,0.006441238739962865,0.012826746030012146,0.9998199999999999,0.99966,0.0011179806779370713,0.006015761363549768,0.00364619999891147,0.003561099998478312,0.012130900009651668,0.0689079000003403,133.9844723224541,68.02410861480193,0.00815280500028166,0.02198169999901437,0.008920616997493198,0.025509348998384678
32,512,1,256,random-match-keyword-100-angular-filters,0,20.477796600000147,44.19025259999944,0.0019479555500030983,0.004224255589997756,1.0,0.7002160000000001,0.0004284418722778655,0.002159169837678101,0.0010189000004174886,0.0019673999995575286,0.008724199999051052,0.05117619999964518,488.3337888022546,226.29424842889733,0.0025080049996176967,0.00838303500031543,0.002786002000921144,0.009201943999432843
32,512,1,256,random-match-keyword-100-angular-no-filters,0,56.486394100000325,48.800767700000506,0.005514860770008818,0.004723125839995555,0.9698400000000001,0.8962600000000001,0.0002975756504082439,0.0005040295548576988,0.004907700000330806,0.003999200000180281,0.008837199999106815,0.009471100000155275,177.0337823706106,204.91480915780545,0.005889714998193085,0.005670604999613716,0.006804338999208995,0.006172011999424285
32,512,1,512,h-and-m-2048-angular-filters,0,88.79156199999852,71.16335600000457,0.007934847699955571,0.006083295050059678,0.9999880000000001,0.999484,0.004060294297888611,0.005428575264675814,0.0017743000062182546,0.002053600001090672,0.0671647999988636,0.06985929999791551,112.62331436404021,140.52175954151681,0.01694381500092277,0.014882539999234721,0.02047975600413338,0.029811941998996297
32,512,1,512,h-and-m-2048-angular-no-filters,0,96.90545090001251,144.80480640000314,0.008614751550060465,0.01265749901996096,0.9998199999999999,0.99977,0.0016923834567450131,0.006366804027791084,0.004667800007155165,0.004183700002613477,0.016936199986957945,0.05285620000358904,103.19336948669736,69.05848119693204,0.011281330000201704,0.023205009997764137,0.01240046900988091,0.02602444100040885
32,512,1,512,random-match-keyword-100-angular-filters,0,20.652325199998813,81.57045209999978,0.001963994079997792,0.0078003700400076925,1.0,0.7002160000000001,0.0004255042963058801,0.000928746099858074,0.001149900001109927,0.003893699999935052,0.010395400000561494,0.055379399999765155,484.20697927033297,122.59341149342517,0.0025251650005884575,0.008778014999461447,0.002769304999274027,0.009714474000265913
32,512,1,512,random-match-keyword-100-angular-no-filters,0,82.55251489999864,66.6744493999995,0.008110181349981576,0.0065021549200013394,0.99231,0.9410700000000001,0.0004770066388750375,0.0005744071185239762,0.0073667000033310615,0.005699600000298233,0.014270300001953728,0.013456599999699392,121.13501341677677,149.98249089403166,0.008721080001851077,0.0075909050006885085,0.010462030001981476,0.008650374000226295
32,512,1,64,h-and-m-2048-angular-filters,0,75.10426119999465,,0.006586556370054313,,0.9999319999999999,,0.0020001906580078077,,0.0016352999955415726,,0.031026600001496263,,133.14823739988685,,0.010088710000854918,,0.011776216000143907,
32,512,1,64,h-and-m-2048-angular-no-filters,0,49.60547849998693,,0.004038224359920423,,0.99946,,0.00047742685309369343,,0.002811800004565157,,0.00982069999736268,,201.59063680844517,,0.004776534991106018,,0.005213141997519416,
32,512,1,64,random-match-keyword-100-angular-filters,0,20.262226400000145,,0.0019271625799947287,,1.0,,0.000516486055708939,,0.0010997999997925945,,0.019441800001004594,,493.52918097884486,,0.002474599999914062,,0.002889841000032903,
32,512,1,64,random-match-keyword-100-angular-no-filters,0,32.24220830000195,,0.003109059069984505,,0.7968000000000001,,0.00023420052948492745,,0.0026398999980301596,,0.015486600001167972,,310.15245317422614,,0.003423110002586327,,0.003776403000811115,
32,512,100,128,h-and-m-2048-angular-filters,0,34.18855350000376,24.674255699996138,0.017792662640049094,0.008144738390028215,0.999976,0.99836,0.006564715314993981,0.003926890726209785,0.0030782000030740164,0.002860699998564087,0.05854420000105165,0.06049200000416022,292.49555702901847,405.2807153166353,0.02998537499734083,0.013887395001074759,0.036569221997779094,0.021262313000479493
32,512,100,128,h-and-m-2048-angular-no-filters,0,33.229306900000665,39.80210200000147,0.014398246419944917,0.017883593370029847,0.99979,0.9996700000000001,0.005877478328041018,0.0058576621771914885,0.004905800000415184,0.00829909999447409,0.05495419999351725,0.0964696000010008,300.9391688515718,251.24301224090203,0.025145909999264405,0.029073765001885472,0.02835944400285372,0.03830470500375669
32,512,100,128,random-match-keyword-100-angular-filters,0,6.107158500000878,14.815892599999643,0.004571236779993524,0.011418818370002373,1.0,0.700216,0.0015748007502606992,0.004374866281460944,0.00217510000038601,0.004289800000151445,0.04513369999949646,0.08000329999958922,1637.4227064842942,674.9508969847852,0.00667891000111922,0.018995054999732017,0.007608579000061583,0.025355851999929662
32,512,100,128,random-match-keyword-100-angular-no-filters,0,22.644774200001848,13.12670049999906,0.017643157469990546,0.010102970089993323,0.9074,0.8520700000000001,0.001738815395136171,0.0022856962156334285,0.007772700002533384,0.00463090000084776,0.05675560000236146,0.05568909999965399,441.6029902386567,761.8060608605122,0.01978904499956115,0.01373495499965429,0.022617346998740694,0.016789465000547354
32,512,100,256,h-and-m-2048-angular-filters,0,37.48977680000098,25.547501799999736,0.0211398079899991,0.009072580739980914,0.999976,0.9991479999999999,0.00913534086835999,0.005393019578637369,0.003275399998528883,0.0026861999940592796,0.09313240000483347,0.07059490000392543,266.73938480209193,391.427705076044,0.0381658799968136,0.01656012999737868,0.04732032000581967,0.03056120700224712
32,512,100,256,h-and-m-2048-angular-no-filters,0,47.08267460000934,43.084695899997314,0.03635114806998317,0.02706923092998404,0.9998199999999999,0.99975,0.004716631795198028,0.009559429772886936,0.007960200004163198,0.010326199997507501,0.06820120000338648,0.08712460000242572,212.39235206909882,232.10097671829277,0.043267965005361474,0.04543184999383809,0.04844489300536225,0.05705488199644608
32,512,100,256,random-match-keyword-100-angular-filters,0,6.281609499999831,14.906838199999584,0.004665934119991653,0.01147110743999865,1.0,0.7002160000000001,0.0016468678627629047,0.0042891571589696465,0.002053700000033132,0.0038512000000991975,0.05320830000164278,0.06631920000017999,1591.948687673162,670.83306773936,0.006958909999593743,0.0191605749995233,0.008010653998680938,0.025243727000506633
32,512,100,256,random-match-keyword-100-angular-no-filters,0,37.539707899999485,18.027380500001527,0.029574540679996788,0.01399187093998953,0.9698400000000001,0.90456,0.0019107134241681414,0.003105678432110741,0.012874900003225775,0.006924000001163222,0.07954959999915445,0.035748600001170416,266.384598053842,554.7117619223244,0.03182324500176037,0.01970660999932079,0.036231765999400554,0.023388124000375682
32,512,100,512,h-and-m-2048-angular-filters,0,41.42465480000101,30.07601440000144,0.025188201850011683,0.012717716069957533,0.9999880000000001,0.9993879999999999,0.012254959190960703,0.011408820468152333,0.0028485000002547167,0.0029391000061878003,0.09561749999556923,0.14955980000377167,241.4021323359285,332.4908635500428,0.048367264998887535,0.03174540500222065,0.06051931200025138,0.06332772500078136
32,512,100,512,h-and-m-2048-angular-no-filters,0,69.9261136999994,31.6357308000006,0.05509435454005288,0.016581617389988968,0.9998199999999999,0.99979,0.006446394437460532,0.009660124790492238,0.025826299999607727,0.006319899999652989,0.09092290000990033,0.27401430000463733,143.00809055258688,316.09827707851815,0.06531811500826734,0.030936160001874664,0.07072807000295143,0.057555707999490606
32,512,100,512,random-match-keyword-100-angular-filters,0,5.983673299999282,14.984550400000444,0.004480995569986953,0.011542960590000985,1.0,0.700216,0.0015499227553211366,0.004367720106367236,0.002079300000332296,0.004294299999855866,0.04809279999972205,0.06810519999999087,1671.2142355768656,667.3540235147598,0.00644896499970855,0.0192934450001303,0.007440751999292844,0.025603608000064924
32,512,100,512,random-match-keyword-100-angular-no-filters,0,63.5409436000009,27.257645600000615,0.050317956929974386,0.02137214520998914,0.99231,0.9410700000000001,0.002583286229172788,0.004827620586353066,0.04220739999800571,0.010359899999457411,0.09332329999961075,0.08535219999976107,157.37884005864618,366.86954356761373,0.054232079998655536,0.029913160000614874,0.06056502499901399,0.03550908700040964
32,512,100,64,h-and-m-2048-angular-filters,0,32.979039699996065,,0.01605214817004671,,0.9999319999999999,,0.004953972473535134,,0.003068199999688659,,0.04495489999681013,,303.2228982701759,,0.02432485999343043,,0.029398382001018037,
32,512,100,64,h-and-m-2048-angular-no-filters,0,26.479909300003783,,0.007030103749937552,,0.99946,,0.0015713121358519602,,0.0038505999982589856,,0.04702549999637995,,377.6447980506705,,0.008884910002234393,,0.011864038009953233,
32,512,100,64,random-match-keyword-100-angular-filters,0,6.181229300000268,,0.004630878499998835,,1.0,,0.0015623229313634559,,0.0020554999991873046,,0.05016379999869969,,1617.8011710388362,,0.0068627100000412606,,0.007807835000112398,
32,512,100,64,random-match-keyword-100-angular-no-filters,0,14.138538900002459,,0.010849465119980596,,0.7968,,0.0019749841018615742,,0.0058613000001059845,,0.041609299998526694,,707.2866631217644,,0.013664394997613264,,0.016629560998117087,
64,256,1,128,h-and-m-2048-angular-filters,0,77.72696179999912,53.16515580000123,0.006839377930041519,0.004364224660050968,0.9999600000000001,0.9980320000000001,0.003209975146053169,0.0022193391761091193,0.0017001000014715828,0.002063200001430232,0.23515169999882346,0.06140600000071572,128.65548541227187,188.0931194412068,0.011130374993445,0.007484794999618315,0.013390911999667878,0.011553503000104706
64,256,1,128,h-and-m-2048-angular-no-filters,0,58.88220259999798,108.406207299995,0.004869379279995337,0.009139845629974297,0.9996900000000002,0.99961,0.0007183346182178422,0.004501362017706439,0.0031113000004552305,0.0037727000017184764,0.019322400010423735,0.03950509999413043,169.8306034496125,92.24564025496039,0.005973070006439228,0.016827714997634757,0.006472386996028947,0.018783655002553138
64,256,1,128,random-match-keyword-100-angular-filters,0,20.591997499999707,38.61002060000101,0.0019582130799892183,0.0036761999600080342,1.0,0.5742420000000001,0.0004229365302327699,0.0011374831105770162,0.0011217999999644235,0.0018374000001131208,0.007316800001717638,0.04790820000016538,485.62554458352776,259.0001208131896,0.0025079400005779454,0.005510610000101222,0.002758202000259189,0.006819606000181024
64,256,1,128,random-match-keyword-100-angular-no-filters,0,52.55221689999962,49.26834830000007,0.005123016949998419,0.004768236849993991,0.9636,0.8410700000000001,0.0003025611135890596,0.000519201126195444,0.004514699998253491,0.0038923000010981923,0.008668300000863383,0.010021199999755481,190.2869296461606,202.97006790463047,0.0055402049998519946,0.005767409999953088,0.006344537997829321,0.006449875001053444
64,256,1,256,h-and-m-2048-angular-filters,0,82.27592130000266,58.073806200001854,0.007280806459968153,0.004827312989994243,0.9999720000000001,0.999232,0.00292922068528806,0.0029698157144239443,0.0017164000018965453,0.0020560999982990324,0.022315500005788635,0.06157060000259662,121.54224276063714,172.1946718209023,0.013312825006141789,0.00883171500063326,0.016265974998023014,0.015358283999303281
64,256,1,256,h-and-m-2048-angular-no-filters,0,72.79152840000461,83.08029510000051,0.0062310005600753355,0.007094650799984083,0.9998,0.9996299999999999,0.0011083059185081415,0.004110620141911133,0.0035503000108292326,0.0033067999975173734,0.015860600004089065,0.038052500000048894,137.37862385644544,120.36548483564472,0.007909115006623323,0.01729071000154363,0.008736814009316732,0.022634629995882286
64,256,1,256,random-match-keyword-100-angular-filters,0,26.285526600000594,49.993017699998745,0.002516492229971118,0.004786194309988968,1.0,0.5742420000000001,0.02074179287134992,0.0028684188744158372,0.0010736000003817026,0.0020070000009582145,2.0755285999985063,0.06381820000024163,380.4374990151338,200.0279331007508,0.003519654999035992,0.010101855000448266,0.004273971001093745,0.01097874300012336
64,256,1,256,random-match-keyword-100-angular-no-filters,0,74.24612720000005,66.57518699999855,0.0072840445699905105,0.006482973590004076,0.99225,0.9312900000000002,0.0004138173838483797,0.0005555940506554888,0.006552799997734837,0.005651499999657972,0.012178799999674084,0.014959199999793782,134.6871598172732,150.20611207596335,0.007798934998390904,0.0074761649996617045,0.009251810998357542,0.008624227001564578
64,256,1,512,h-and-m-2048-angular-filters,0,85.72139559999778,65.39494060000288,0.007653737850033212,0.005592045120038529,0.999976,0.9993400000000001,0.0037722408152948096,0.005224436439281468,0.0016577999995206483,0.00199609999981476,0.023884499998530373,0.0582055000049877,116.65699012488149,152.9170285690199,0.015939199997228568,0.013736519996746209,0.019476354996368173,0.02931080600574209
64,256,1,512,h-and-m-2048-angular-no-filters,0,95.31318640000245,144.16758250000566,0.008441768800003047,0.012562306690007971,0.9998,0.9997299999999999,0.0018535006216356686,0.0061580580741305195,0.0045482999994419515,0.004034300000057556,0.03336089999356773,0.050815399998100474,104.91727721737087,69.36372120965271,0.011125295004603682,0.022642730001462042,0.013377370996458927,0.02575311200169381
64,256,1,512,random-match-keyword-100-angular-filters,0,25.633863699997164,96.07867420000002,0.002445311439996658,0.009198728559988559,1.0,0.5742420000000001,0.0005564750609842939,0.0014070592454617455,0.0011598999990383163,0.004089300000487128,0.006495499997981824,0.059200900001087575,390.1089635582757,104.08136959908214,0.003257115000997146,0.010510229999727016,0.0035050020005655824,0.01226862000057736
64,256,1,512,random-match-keyword-100-angular-no-filters,0,110.56492330000037,96.20158399999855,0.010902109529983864,0.009442557420010054,0.9987799999999999,0.9799800000000001,0.0006250793185487081,0.0006418627613752942,0.00986650000049849,0.008578500001021894,0.01757010000073933,0.017136499998741783,90.4445976312631,103.9483923674287,0.011707209999440239,0.010583545001281891,0.013996473997904114,0.01216004800022347
64,256,1,64,h-and-m-2048-angular-filters,0,70.9407246999981,,0.006218123669962369,,0.9998920000000002,,0.0017926752054325422,,0.0015815000006114133,,0.019852400000672787,,140.96275506472614,,0.009291325002413938,,0.010930229005462025,
64,256,1,64,h-and-m-2048-angular-no-filters,0,49.31898399999773,,0.003971794590128411,,0.99925,,0.0005011208032884875,,0.0026402000075904652,,0.014000800001667812,,202.7616789510599,,0.004711810006847372,,0.005153891997033499,
64,256,1,64,random-match-keyword-100-angular-filters,0,20.209181599999283,,0.0019217318500101101,,1.0,,0.0006006954744175832,,0.0010576999993645586,,0.034785999996529426,,494.82459002695856,,0.002453019997301453,,0.002894007000359127,
64,256,1,64,random-match-keyword-100-angular-no-filters,0,38.61314169999969,,0.0037388270299812576,,0.8868400000000002,,0.00034240212771980696,,0.0032280999985232484,,0.02963619999718503,,258.97918583506714,,0.00408111499982624,,0.00442972799857671,
64,256,100,128,h-and-m-2048-angular-filters,0,34.172330099994724,23.366203300000052,0.017082146509964515,0.00790610980999918,0.9999600000000001,0.9978959999999999,0.006010889676567039,0.003954980962749492,0.002831400001014117,0.003042600001208484,0.05410949999350123,0.05726359999971464,292.63442003334575,427.96854378135015,0.028250890002163926,0.01382223499931569,0.03436533100175439,0.021112298995431114
64,256,100,128,h-and-m-2048-angular-no-filters,0,30.685975600004895,20.214760199996817,0.011414947429993482,0.006007413440071832,0.9996900000000002,0.99946,0.004907066263219833,0.0010411708487673716,0.004944600004819222,0.0034192000020993873,0.05668219999643043,0.046798200004559476,325.88176860827605,494.68803493407626,0.02188260500479373,0.007558019997668452,0.024737587003473893,0.00874120399937965
64,256,100,128,random-match-keyword-100-angular-filters,0,9.386286500001006,17.51739439999983,0.007091079049988912,0.013537817929991433,1.0,0.574242,0.002010598802934323,0.005369853691693392,0.0024048000013863202,0.004756400001497241,0.04121300000042538,0.07635940000000119,1065.3840579018047,570.8611550128767,0.0101973149983678,0.02294316499992419,0.011557111002366583,0.03110312000011618
64,256,100,128,random-match-keyword-100-angular-no-filters,0,33.679422799999884,18.241186000001107,0.026468340109991915,0.014159814570006165,0.9636,0.8572600000000002,0.0019531790152434382,0.0030807498126115213,0.011694400000124006,0.007359799999903771,0.07485319999977946,0.05139699999926961,296.9172025121533,548.2099683649623,0.028775450001921853,0.01977961500033416,0.0331769169996187,0.02398824400110244
64,256,100,256,h-and-m-2048-angular-filters,0,36.11563880000176,25.839219200002844,0.0200146637499769,0.009169938429999457,0.9999720000000001,0.9990480000000002,0.00824158676533504,0.005396592900945171,0.002917699996032752,0.002668200002517551,0.10523909999756142,0.07240249999449588,276.88836006410367,387.00859815450224,0.03557070000279054,0.016644710000036866,0.04287065799981066,0.030470090997114316
64,256,100,256,h-and-m-2048-angular-no-filters,0,42.26073569999426,22.47907230000419,0.03194407672003872,0.007896351340014372,0.9998,0.99959,0.004437286932134367,0.001488350757052456,0.011439900001278147,0.004049700000905432,0.06043810000119265,0.017546700000821147,236.6262639389252,444.85821596819795,0.038663114996597865,0.01051807999574521,0.042937952011561725,0.012314501995424509
64,256,100,256,random-match-keyword-100-angular-filters,0,8.999475399999938,17.01963280000018,0.006794046500010154,0.013139225109992003,1.0,0.5742419999999999,0.001996875111806928,0.00505815583676442,0.002406900002824841,0.004481500000110827,0.04435920000105398,0.06823350000013306,1111.1758803185428,587.5567421172502,0.009508420001293415,0.02238635000103386,0.011000784000316345,0.030123646998818008
64,256,100,256,random-match-keyword-100-angular-no-filters,0,56.08939720000126,27.783578799999304,0.04438392291001983,0.02177180078000256,0.99225,0.9365800000000001,0.0025109991352158857,0.004566208643894911,0.017735699999320786,0.011254900000494672,0.08639410000250791,0.065323000000717,178.28681531987968,359.9248344493421,0.04807840499979647,0.030527925000478708,0.05465250700191973,0.03613842199920328
64,256,100,512,h-and-m-2048-angular-filters,0,39.71594650000043,29.49059639999905,0.024154860009948608,0.012725273840057344,0.999976,0.9993400000000001,0.01122823104068872,0.011232981782608946,0.002611099997011479,0.0029099000021233223,0.08296630000404548,0.18475450000551064,251.78803179221455,339.09114160879847,0.04543533499854674,0.03152115999910164,0.05561879099928775,0.06411494100000716
64,256,100,512,h-and-m-2048-angular-no-filters,0,61.8506342000037,26.51344429999881,0.04855875896011421,0.012425406070002646,0.9998,0.9996699999999998,0.006056514204203754,0.0029692958960743534,0.022345699995639734,0.006221100004040636,0.08338329999241978,0.029797700000926852,161.67982963058125,377.16714157731855,0.05806213499599835,0.017724710001857602,0.06473025999977836,0.020487762998891417
64,256,100,512,random-match-keyword-100-angular-filters,0,8.317707599999267,17.296970500001407,0.006211595999991914,0.013326751119980327,1.0,0.574242,0.001980982281408666,0.0054879039488729,0.002378199998929631,0.004106899999896996,0.031522199999017175,0.08784710000145424,1202.2543326722475,578.1359227038738,0.009342870000000402,0.02271161499984373,0.010640070000408742,0.030840548000160232
64,256,100,512,random-match-keyword-100-angular-no-filters,0,92.18344760000036,42.533255800000916,0.07325278645000835,0.033555412520001666,0.9987799999999999,0.97998,0.0036721373103811693,0.005782870740980837,0.03156619999936083,0.018466999999873224,0.10910490000242135,0.06688209999992978,108.479344831967,235.11014644686065,0.07893869499966968,0.044394885001383944,0.0875388439978633,0.05095026699968003
64,256,100,64,h-and-m-2048-angular-filters,0,30.607069600002433,,0.01454492986002806,,0.9998920000000002,,0.0049306788973869494,,0.002989799999340903,,0.10437129999627359,,326.72190218429813,,0.021679314997527396,,0.02625529799632205,
64,256,100,64,h-and-m-2048-angular-no-filters,0,25.31825569999637,,0.006528050310051185,,0.99925,,0.0014578109429948189,,0.00404930001241155,,0.048661799999536015,,394.971917437481,,0.00810591000772547,,0.010500514006125745,
64,256,100,64,random-match-keyword-100-angular-filters,0,7.795616399998835,,0.0058881959999929675,,1.0,,0.002014419244907338,,0.0021835999978065956,,0.02901420000125654,,1282.7722000278893,,0.009434670000518963,,0.011085317000579381,
64,256,100,64,random-match-keyword-100-angular-no-filters,0,20.681558500000392,,0.016054634530032853,,0.8868400000000002,,0.002134808063343491,,0.0064628000000084285,,0.07607840000127908,,483.5225546469242,,0.018351564999647955,,0.021523102999417464,
64,512,1,128,h-and-m-2048-angular-filters,0,80.96151790000295,50.25251130000106,0.007148953569986042,0.004096696129981865,0.9999680000000001,0.9993,0.002759091583725427,0.0020094333584342317,0.0017038000005413778,0.0020365000018500723,0.022115699997812044,0.05696409999654861,123.51547079874642,198.99503012498778,0.013309449996449969,0.006769520003217622,0.015542157001764282,0.010823708003372321
64,512,1,128,h-and-m-2048-angular-no-filters,0,63.37432089999493,61.827096200002416,0.005294764660001965,0.005027594370004226,0.9997699999999999,0.99961,0.0008505281481573188,0.0011001052006840237,0.003356000001076609,0.0033371000026818365,0.01898100000107661,0.023671199996897485,157.79261786142155,161.74138225174497,0.006593814989901148,0.007261239999570532,0.007426221998030088,0.00884972399537219
64,512,1,128,random-match-keyword-100-angular-filters,0,20.959774700000708,34.476880000000165,0.001993092140009321,0.0032998739499953446,1.0,0.5755560000000001,0.0004262801078384157,0.0012017057489892393,0.0011272999981883913,0.0017883999989862787,0.006679400001303293,0.05668120000154886,477.1043650578774,290.0494476298305,0.00256350999843562,0.004934849998608113,0.0028412020028190455,0.00620052999996915
64,512,1,128,random-match-keyword-100-angular-no-filters,0,54.16617649999898,49.71786520000023,0.0052829756400049515,0.004811991269991086,0.9698300000000001,0.9432900000000002,0.00030506143319541284,0.000529914029714245,0.004648900001484435,0.003928699999960372,0.009427700002561323,0.012496900000769529,184.61705525772504,201.1349433402453,0.005684605000533338,0.005798704999961046,0.006525913000259607,0.00667075500052306
64,512,1,256,h-and-m-2048-angular-filters,0,83.59714689999964,57.0063439000005,0.007426950909939478,0.004697975319979014,0.999976,0.999532,0.003322898109163131,0.0025567242035005825,0.0016640000030747615,0.0022027999948477373,0.02209679999941727,0.050220299999637064,119.62130731521464,175.41907296391116,0.014847760000702686,0.009183045000827403,0.01773261999762326,0.014136450998776135
64,512,1,256,h-and-m-2048-angular-no-filters,0,81.19655670000066,154.67633940000087,0.006989005780006118,0.013172750920018734,0.9998,0.9997,0.0012930389375820789,0.004475418157109788,0.0038321000029100105,0.003834299997834023,0.014084700000239536,0.04621629999746801,123.15793189294097,64.65112918233403,0.009034304990927921,0.01928388999876915,0.01020783899104572,0.02335974799694668
64,512,1,256,random-match-keyword-100-angular-filters,0,20.97060760000022,31.473622499999692,0.001994310940006835,0.003008910469993316,1.0,0.5755560000000001,0.00042897017049781095,0.00038352470918690223,0.001157700000476325,0.001852899998993962,0.00980350000099861,0.009633800000301562,476.8579046798765,317.72637547521254,0.0025518150001516914,0.0034945000006700866,0.002821313996901154,0.003846455999027968
64,512,1,256,random-match-keyword-100-angular-no-filters,0,78.17361990000063,66.98839570000018,0.007674135920000845,0.006530883099990751,0.9952,0.97829,0.00043091841524899185,0.0005723306628264354,0.006915500001923647,0.0057826000011118595,0.012645400001929374,0.013162699999156757,127.92039069947072,149.27958634483275,0.008198819998506223,0.007534505000421632,0.009728693001816283,0.0088919080001142
64,512,1,512,h-and-m-2048-angular-filters,0,88.85159720000229,68.16660260000208,0.007940573670060985,0.005763797930017608,0.999976,0.9997360000000001,0.00406466788498229,0.004716112457108079,0.0016637000007904135,0.002251300000352785,0.029936999999335967,0.06702819999918574,112.54721710280907,146.69940437958243,0.017251234996365376,0.014923515000191389,0.020699119001365035,0.02480230900000611
64,512,1,512,h-and-m-2048-angular-no-filters,0,104.81644819999929,113.57380839999678,0.009314215629984392,0.009995981209999446,0.9998199999999999,0.99975,0.0018999602121268079,0.0063468641836675515,0.004890199998044409,0.003497300000162795,0.021880300002521835,0.11214789999939967,95.40487367897731,88.04846945680377,0.012284134997025829,0.023299709997809257,0.013882758004619975,0.027493065004819087
64,512,1,512,random-match-keyword-100-angular-filters,0,21.027880900001037,73.65849479999997,0.0019998117000013735,0.007053855820011813,1.0,0.5755560000000001,0.00043720043696835685,0.002437200699179071,0.0011660999989544507,0.0018140000011044322,0.006496699999843258,0.05787170000076003,475.55909449722566,135.76166641949902,0.0025891050003338024,0.009300514999904407,0.002854443001488108,0.01016223199943852
64,512,1,512,random-match-keyword-100-angular-no-filters,0,117.44373160000032,97.92796610000005,0.011586962119994496,0.00961498264998827,0.9994,0.99156,0.0006520951517132861,0.0007073523737209327,0.010544900000240887,0.00863500000014028,0.018626299999596085,0.022087900000769878,85.14715824986587,102.11587555886138,0.01239266000138741,0.010732499998994172,0.014952401000773535,0.012692121001127833
64,512,1,64,h-and-m-2048-angular-filters,0,77.88650239999697,,0.006862451080034225,,0.999936,,0.0024839279571025616,,0.0016755000033299439,,0.021974200004478917,,128.39195100382872,,0.012451300003522191,,0.014339016993981204,
64,512,1,64,h-and-m-2048-angular-no-filters,0,51.13487390000955,,0.004171931899937044,,0.9995500000000002,,0.000596912105910484,,0.0028187999996589497,,0.011828699993202463,,195.56125276761722,,0.005077114995219745,,0.006140735002991279,
64,512,1,64,random-match-keyword-100-angular-filters,0,21.04999300000054,,0.0020039230300211786,,1.0,,0.0005483177335966808,,0.0011391999978513923,,0.021761699998023687,,475.059540399835,,0.002592315002948453,,0.003244940998374662,
64,512,1,64,random-match-keyword-100-angular-no-filters,0,40.15742979999777,,0.0038871527300008892,,0.8962800000000001,,0.00033666525192219224,,0.0034216000021842774,,0.027732599999580998,,249.01992109068084,,0.004243610000412445,,0.00472362699911173,
64,512,100,128,h-and-m-2048-angular-filters,0,32.38574360000348,26.771025300004112,0.01740005770999196,0.008109961680007109,0.9999680000000001,0.999108,0.007105185553583165,0.003825981252889134,0.002922300001955591,0.002772600004391279,0.06350430000020424,0.04894590000185417,308.7778413708841,373.53817748618184,0.030880364998665748,0.013911095000730709,0.038029109002236515,0.023260171998699675
64,512,100,128,h-and-m-2048-angular-no-filters,0,36.830118500001845,20.80940120000014,0.013411213159972976,0.006292205350039876,0.9997699999999999,0.99946,0.005881515704077159,0.0011202286788629407,0.005625200006761588,0.00381809999817051,0.06505740000284277,0.0370762000020477,271.5169108130754,480.55203049283,0.026239614992664407,0.008044149995839689,0.033585197997454096,0.009533134996745506
64,512,100,128,random-match-keyword-100-angular-filters,0,6.297269900001993,15.116181400000642,0.004720933319990581,0.011641537309996602,1.0,0.5755560000000001,0.0016009454254556053,0.0042651400474249986,0.002254499999253312,0.004358700000011595,0.04993370000011055,0.06942140000137442,1587.9897413952092,661.5427359187139,0.006836975000078381,0.019257000000106918,0.0078094060018338496,0.025579426999665887
64,512,100,128,random-match-keyword-100-angular-no-filters,0,35.54874689999997,17.527593100001468,0.027968614380002327,0.013559481740005503,0.9698300000000001,0.9520800000000001,0.0018994562152836545,0.002876798913219177,0.009889699998893775,0.0070770000002085,0.07921319999877596,0.03222230000028503,281.3038678446359,570.5289906575457,0.030660305001765663,0.018890714998542533,0.034792671001596324,0.02267953899965509
64,512,100,256,h-and-m-2048-angular-filters,0,37.052391199998965,28.995129599999927,0.02060300350996331,0.009568505329989421,0.999976,0.999532,0.008859769678189428,0.005754563442835122,0.003042299998924136,0.0028663000048254617,0.09220230000209995,0.07251389999873936,269.8881145355142,344.88550794406603,0.03721902999677695,0.019842799998150435,0.04593998700052908,0.03237270299730886
64,512,100,256,h-and-m-2048-angular-no-filters,0,49.81060380001145,23.299772300000768,0.037541068659994924,0.008544421740028337,0.9998,0.9996799999999999,0.005809152121973564,0.001810264074839094,0.008838699999614619,0.0043488000010256656,0.08671770000364631,0.07587710000370862,200.76046538503718,429.1887436170211,0.04677898500231093,0.0115990150039579,0.053201613991113894,0.013466769994047358
64,512,100,256,random-match-keyword-100-angular-filters,0,6.141791900001408,15.384538399999656,0.0045999849900079425,0.011441014620005626,1.0,0.5755560000000001,0.0013542662018947512,0.0042560420221919686,0.0021011999997426756,0.004073600000992883,0.041920800002117176,0.07339779999892926,1628.1893237049774,650.0032526162906,0.006753549998211383,0.018640935001621974,0.007716865002512351,0.02454451999883532
64,512,100,256,random-match-keyword-100-angular-no-filters,0,59.59416170000259,27.73912670000027,0.04719490027997635,0.02173074279999473,0.9952,0.9803400000000001,0.002592898803852475,0.005174649644829345,0.023601599998073652,0.0063176000003295485,0.08774370000173803,0.08493590000034601,167.80167242455843,360.5016159358724,0.05082706000248436,0.030653630000961125,0.05801762999937638,0.03732469400021728
64,512,100,512,h-and-m-2048-angular-filters,0,40.21277050000208,32.12686739999481,0.023833534039962252,0.012653787760042178,0.999976,0.9997360000000001,0.011880972516149528,0.010545157675186675,0.0031751999995321967,0.0030966999984229915,0.08984929999860469,0.11046509999869158,248.67722058592017,311.26595305714795,0.0468545200048538,0.03395702499619801,0.05772030499632821,0.05427343000541445
64,512,100,512,h-and-m-2048-angular-no-filters,0,74.40888129999803,27.811077700003807,0.058356612330127976,0.014049874339972302,0.9998199999999999,0.9997300000000001,0.007753426931104069,0.0036299850276731763,0.015732800005935133,0.006269500001508277,0.10816029999114107,0.07023519999347627,134.39255940003315,359.5689497497837,0.07116515500019886,0.02049053499940783,0.08073806499669448,0.02414154299673101
64,512,100,512,random-match-keyword-100-angular-filters,0,6.548376899998402,14.980045500000415,0.0049139444499771345,0.011522056289995272,1.0,0.5755560000000001,0.0013059825026729252,0.004164563055369227,0.00218239999958314,0.004262899999957881,0.028078700001060497,0.06546030000026803,1527.0959739660739,667.5547147036184,0.0069195399995805925,0.019054285001038805,0.007884850001173619,0.024595731000645174
64,512,100,512,random-match-keyword-100-angular-no-filters,0,98.4042972999996,42.804713399998946,0.07823221145001262,0.033773170920013036,0.9994,0.99156,0.0038657536676145253,0.006180211150339497,0.01924979999967036,0.019461600000795443,0.12352559999999357,0.07061969999995199,101.62157826820884,233.61913223323313,0.08414951000104337,0.04562412000159383,0.09462819899817987,0.05309010300019509
64,512,100,64,h-and-m-2048-angular-filters,0,28.93395430000237,,0.015208173260041076,,0.999936,,0.006042808873746511,,0.002631499999552034,,0.05302819999633357,,345.6147022392712,,0.02694802999758394,,0.03411931199407264,
64,512,100,64,h-and-m-2048-angular-no-filters,0,29.89575780001178,,0.007718702539983496,,0.9995500000000002,,0.0020083193375781683,,0.004436499992152676,,0.051134499997715466,,334.4956186391121,,0.010057884997513608,,0.015170591993373847,
64,512,100,64,random-match-keyword-100-angular-filters,0,6.291987100001279,,0.004709748360019148,,1.0,,0.0016180407042324157,,0.001987599996937206,,0.04652429999987362,,1589.3230296034726,,0.006847200002084719,,0.00776862899965636,
64,512,100,64,random-match-keyword-100-angular-no-filters,0,21.809728500000347,,0.01694790783001772,,0.8962800000000001,,0.0018053058531373439,,0.008287399999971967,,0.06015539999862085,,458.5109805470454,,0.01914779000071576,,0.022358609000621078,
